{
  "pools": [
    {
      "rolls": 1,
      "entries": [
        {
          "type": "minecraft:item",
          "name": "createbigcannons:unbored_bronze_cannon_barrel",
          "conditions": [
            {
              "condition": "minecraft:match_tool",
              "predicate": {
                "items": [
                  "minecraft:iron_pickaxe",
                  "minecraft:diamond_pickaxe",
                  "minecraft:netherite_pickaxe",
                  "tetra:modular_double"
                ],
                "enchantments": [
                  {
                    "enchantment": "minecraft:silk_touch",
                    "levels": 1
                  }
                ]
              }
            }
          ]
        }
      ]
    }
  ]
}