{
  "type": "create:sequenced_assembly",
  "ingredient": {
    "item": "create:andesite_alloy"
  },
  "transitionalItem": {
    "item": "create:andesite_alloy"
  },
  "sequence": [
    {
      "type": "create:deploying",
      "ingredients": [
        {
          "item": "create:andesite_alloy"
        },
        [
          {
            "tag": "minecraft:planks"
          }
        ]
      ],
      "results": [
        {
          "item": "create:andesite_alloy"
        }
      ]
    },
    {
      "type": "create:deploying",
      "ingredients": [
        {
          "item": "create:andesite_alloy"
        },
        [
          {
            "tag": "minecraft:planks"
          }
        ]
      ],
      "results": [
        {
          "item": "create:andesite_alloy"
        }
      ]
    },
    {
      "type": "create:cutting",
      "ingredients": [
        {
          "item": "create:andesite_alloy"
        }
      ],
      "results": [
        {
          "item": "create:andesite_alloy"
        }
      ]
    }
  ],
  "results": [
    {
      "item": "create:cogwheel",
      "count": 6
    },
    {
      "item": "create:cogwheel",
      "count": 7,
      "chance": 0.4
    }
  ],
  "loops": 2
}