{
    "type": "create:sequenced_assembly",
    "ingredient": {
        "item": "create:andesite_alloy"
    },
    "transitionalItem": {
        "item": "create:shaft"
    },
    "sequence": [
        {
            "type": "create:pressing",
            "ingredients": [
                {
                    "item": "create:shaft"
                }
            ],
            "results": [
                {
                    "item": "create:shaft"
                }
            ]
        },
        {
            "type": "create:cutting",
            "ingredients": [
                {
                    "item": "create:shaft"
                }
            ],
            "results": [
                {
                    "item": "create:shaft"
                }
            ]
        },
        {
            "type": "create:pressing",
            "ingredients": [
                {
                    "item": "create:shaft"
                }
            ],
            "results": [
                {
                    "item": "create:shaft"
                }
            ]
        }
    ],
    "results": [
        {
            "item": "create:shaft",
            "count": 5
        },
        {
            "item": "create:shaft",
            "chance": 0.5,
            "count": 7
        }
    ],
    "loops": 1
}